customer_id,contacted_support,start_time,end_time,churned
1,0,0,1000,0
2,0,0,1000,0
3,0,0,1000,0
4,0,0,1000,0
5,0,0,1000,0
6,0,0,1000,0
7,0,0,1000,0
8,0,0,626,1
9,0,0,311,1
10,0,0,1000,0
11,0,0,1000,0
12,0,0,1000,0
13,0,0,1000,0
14,0,0,355,1
15,0,0,1000,0
16,0,0,1000,0
17,0,0,1000,0
18,0,0,1000,0
19,0,0,1000,0
20,0,0,1000,0
21,0,0,1000,0
22,0,0,1000,0
23,0,0,1000,0
24,0,0,1000,0
25,0,0,1000,0
26,0,0,1000,0
27,0,0,1000,0
28,0,0,1000,0
29,0,0,1000,0
30,0,0,1000,0
31,0,0,1000,0
32,0,0,1000,0
33,0,0,1000,0
34,0,0,1000,0
35,0,0,473,1
36,0,0,1000,0
37,0,0,1000,0
38,0,0,1000,0
39,0,0,1000,0
40,0,0,1000,0
41,0,0,1000,0
42,0,0,1000,0
43,0,0,1000,0
44,0,0,1000,0
45,0,0,1000,0
46,0,0,633,1
47,0,0,1000,0
48,0,0,1000,0
49,0,0,1000,0
50,0,0,1000,0
51,0,0,1000,0
52,0,0,1000,0
53,0,0,1000,0
54,0,0,1000,0
55,0,0,262,1
56,0,0,1000,0
57,0,0,1000,0
58,0,0,297,1
59,0,0,1000,0
60,0,0,1000,0
61,0,0,1000,0
62,0,0,1000,0
63,0,0,1000,0
64,0,0,1000,0
65,0,0,376,1
66,0,0,1000,0
67,0,0,1000,0
68,0,0,1000,0
69,0,0,1000,0
70,0,0,1000,0
71,0,0,1000,0
72,0,0,1000,0
73,0,0,1000,0
74,0,0,1000,0
75,0,0,1000,0
76,0,0,1000,0
77,0,0,1000,0
78,0,0,1000,0
79,0,0,1000,0
80,0,0,132,1
81,0,0,1000,0
82,0,0,1000,0
83,0,0,1000,0
84,0,0,1000,0
85,0,0,207,1
86,0,0,1000,0
87,0,0,1000,0
88,0,0,1000,0
89,0,0,1000,0
90,0,0,1000,0
91,0,0,1000,0
92,0,0,1000,0
93,0,0,1000,0
94,0,0,1000,0
95,0,0,1000,0
96,0,0,1000,0
97,0,0,1000,0
98,0,0,1000,0
99,0,0,1000,0
100,0,0,1000,0
101,0,0,1000,0
102,0,0,1000,0
103,0,0,1000,0
104,0,0,1000,0
105,0,0,1000,0
106,0,0,1000,0
107,0,0,513,1
108,0,0,1000,0
109,0,0,1000,0
110,0,0,1000,0
111,0,0,1000,0
112,0,0,1000,0
113,0,0,1000,0
114,0,0,1000,0
115,0,0,1000,0
116,0,0,1000,0
117,0,0,1000,0
118,0,0,1000,0
119,0,0,1000,0
120,0,0,1000,0
121,0,0,1000,0
122,0,0,1000,0
123,0,0,1000,0
124,0,0,1000,0
125,0,0,1000,0
126,0,0,1000,0
127,0,0,1000,0
128,0,0,1000,0
129,0,0,1000,0
130,0,0,1000,0
131,0,0,1000,0
132,0,0,1000,0
133,0,0,1000,0
134,0,0,318,1
135,0,0,1000,0
136,0,0,1000,0
137,0,0,1000,0
138,0,0,1000,0
139,0,0,72,1
140,0,0,1000,0
141,0,0,1000,0
142,0,0,1000,0
143,0,0,1000,0
144,0,0,1000,0
145,0,0,1000,0
146,0,0,1000,0
147,0,0,1000,0
148,0,0,1000,0
149,0,0,1000,0
150,0,0,1000,0
151,0,0,1000,0
152,0,0,1000,0
153,0,0,1000,0
154,0,0,1000,0
155,0,0,1000,0
156,0,0,1000,0
157,0,0,1000,0
158,0,0,1000,0
159,0,0,1000,0
160,0,0,41,1
161,0,0,1000,0
162,0,0,1000,0
163,0,0,1000,0
164,0,0,1000,0
165,0,0,1000,0
166,0,0,1000,0
167,0,0,785,1
168,0,0,1000,0
169,0,0,1000,0
170,0,0,1000,0
171,0,0,1000,0
172,0,0,1000,0
173,0,0,328,1
174,0,0,1000,0
175,0,0,1000,0
176,0,0,1000,0
177,0,0,1000,0
178,0,0,395,1
179,0,0,1000,0
180,0,0,1000,0
181,0,0,1000,0
182,0,0,1000,0
183,0,0,1000,0
184,0,0,1000,0
185,0,0,1000,0
186,0,0,1000,0
187,0,0,1000,0
188,0,0,1000,0
189,0,0,1000,0
190,0,0,1000,0
191,0,0,1000,0
192,0,0,1000,0
193,0,0,1000,0
194,0,0,1000,0
195,0,0,1000,0
196,0,0,1000,0
197,0,0,1000,0
198,0,0,1000,0
199,0,0,1000,0
200,0,0,1000,0
201,0,0,1000,0
202,0,0,1000,0
203,0,0,1000,0
204,0,0,1000,0
205,0,0,1000,0
206,0,0,1000,0
207,0,0,951,1
208,0,0,1000,0
209,0,0,1000,0
210,0,0,1000,0
211,0,0,1000,0
212,0,0,1000,0
213,0,0,1000,0
214,0,0,1000,0
215,0,0,1000,0
216,0,0,1000,0
217,0,0,1000,0
218,0,0,1000,0
219,0,0,1000,0
220,0,0,1000,0
221,0,0,1000,0
222,0,0,885,1
223,0,0,1000,0
224,0,0,1000,0
225,0,0,1000,0
226,0,0,1000,0
227,0,0,1000,0
228,0,0,1000,0
229,0,0,1000,0
230,0,0,1000,0
231,0,0,1000,0
232,0,0,1000,0
233,0,0,1000,0
234,0,0,1000,0
235,0,0,1000,0
236,0,0,1000,0
237,0,0,1000,0
238,0,0,154,1
239,0,0,1000,0
240,0,0,543,1
241,0,0,1000,0
242,0,0,1000,0
243,0,0,1000,0
244,0,0,1000,0
245,0,0,1000,0
246,0,0,1000,0
247,0,0,1000,0
248,0,0,1000,0
249,0,0,1000,0
250,0,0,1000,0
251,0,0,1000,0
252,0,0,1000,0
253,0,0,1000,0
254,0,0,1000,0
255,0,0,1000,0
256,0,0,1000,0
257,0,0,193,1
258,0,0,1000,0
259,0,0,1000,0
260,0,0,1000,0
261,0,0,1000,0
262,0,0,1000,0
263,0,0,1000,0
264,0,0,1000,0
265,0,0,1000,0
266,0,0,166,1
267,0,0,1000,0
268,0,0,1000,0
269,0,0,1000,0
270,0,0,1000,0
271,0,0,1000,0
272,0,0,1000,0
273,0,0,1000,0
274,0,0,1000,0
275,0,0,1000,0
276,0,0,1000,0
277,0,0,1000,0
278,0,0,1000,0
279,0,0,1000,0
280,0,0,1000,0
281,0,0,1000,0
282,0,0,1000,0
283,0,0,1000,0
284,0,0,1000,0
285,0,0,1000,0
286,0,0,1000,0
287,0,0,1000,0
288,0,0,1000,0
289,0,0,1000,0
290,0,0,204,1
291,0,0,1000,0
292,0,0,1000,0
293,0,0,1000,0
294,0,0,1000,0
295,0,0,1000,0
296,0,0,1000,0
297,0,0,1000,0
298,0,0,1000,0
299,0,0,1000,0
300,0,0,1000,0
301,0,0,1000,0
302,0,0,1000,0
303,0,0,1000,0
304,0,0,1000,0
305,0,0,1000,0
306,0,0,1000,0
307,0,0,1000,0
308,0,0,1000,0
309,0,0,719,1
310,0,0,1000,0
311,0,0,1000,0
312,0,0,1000,0
313,0,0,1000,0
314,0,0,1000,0
315,0,0,1000,0
316,0,0,1000,0
317,0,0,373,1
318,0,0,243,1
319,0,0,715,1
320,0,0,1000,0
321,0,0,1000,0
322,0,0,1000,0
323,0,0,1000,0
324,0,0,920,1
325,0,0,1000,0
326,0,0,1000,0
327,0,0,1000,0
328,0,0,1000,0
329,0,0,1000,0
330,0,0,1000,0
331,0,0,512,1
332,0,0,1000,0
333,0,0,1000,0
334,0,0,1000,0
335,0,0,1000,0
336,0,0,1000,0
337,0,0,1000,0
338,0,0,1000,0
339,0,0,1000,0
340,0,0,1000,0
341,0,0,1000,0
342,0,0,934,1
343,0,0,1000,0
344,0,0,1000,0
345,0,0,1000,0
346,0,0,1000,0
347,0,0,1000,0
348,0,0,1000,0
349,0,0,1000,0
350,0,0,1000,0
351,0,0,1000,0
352,0,0,1000,0
353,0,0,1000,0
354,0,0,1000,0
355,0,0,1000,0
356,0,0,1000,0
357,0,0,1000,0
358,0,0,1000,0
359,0,0,1000,0
360,0,0,1000,0
361,0,0,1000,0
362,0,0,728,1
363,0,0,1000,0
364,0,0,1000,0
365,0,0,289,1
366,0,0,1000,0
367,0,0,1000,0
368,0,0,1000,0
369,0,0,1000,0
370,0,0,1000,0
371,0,0,1000,0
372,0,0,1000,0
373,0,0,1000,0
374,0,0,1000,0
375,0,0,1000,0
376,0,0,1000,0
377,0,0,1000,0
378,0,0,1000,0
379,0,0,1000,0
380,0,0,1000,0
381,0,0,1000,0
382,0,0,1000,0
383,0,0,1000,0
384,0,0,1000,0
385,0,0,1000,0
386,0,0,1000,0
387,0,0,1000,0
388,0,0,805,1
389,0,0,393,1
390,0,0,1000,0
391,0,0,1000,0
392,0,0,1000,0
393,0,0,1000,0
394,0,0,1000,0
395,0,0,1000,0
396,0,0,1000,0
397,0,0,1000,0
398,0,0,1000,0
399,0,0,1000,0
400,0,0,1000,0
401,0,0,1000,0
402,0,0,1000,0
403,0,0,1000,0
404,0,0,1000,0
405,0,0,1000,0
406,0,0,1000,0
407,0,0,1000,0
408,0,0,1000,0
409,0,0,1000,0
410,0,0,1000,0
411,0,0,1000,0
412,0,0,1000,0
413,0,0,1000,0
414,0,0,1000,0
415,0,0,1000,0
416,0,0,1000,0
417,0,0,1000,0
418,0,0,1000,0
419,0,0,1000,0
420,0,0,1000,0
421,0,0,1000,0
422,0,0,1000,0
423,0,0,287,1
424,0,0,1000,0
425,0,0,1000,0
426,0,0,1000,0
427,0,0,1000,0
428,0,0,1000,0
429,0,0,1000,0
430,0,0,1000,0
431,0,0,1000,0
432,0,0,1000,0
433,0,0,1000,0
434,0,0,1000,0
435,0,0,1000,0
436,0,0,1000,0
437,0,0,1000,0
438,0,0,1000,0
439,0,0,163,1
440,0,0,1000,0
441,0,0,1000,0
442,0,0,1000,0
443,0,0,1000,0
444,0,0,1000,0
445,0,0,1000,0
446,0,0,1000,0
447,0,0,1000,0
448,0,0,1000,0
449,0,0,1000,0
450,0,0,1000,0
451,0,0,1000,0
452,0,0,1000,0
453,0,0,150,1
454,0,0,1000,0
455,0,0,1000,0
456,0,0,1000,0
457,0,0,1000,0
458,0,0,1000,0
459,0,0,1000,0
460,0,0,1000,0
461,0,0,1000,0
462,0,0,1000,0
463,0,0,877,1
464,0,0,1000,0
465,0,0,1000,0
466,0,0,1000,0
467,0,0,1000,0
468,0,0,1000,0
469,0,0,1000,0
470,0,0,1000,0
471,0,0,1000,0
472,0,0,1000,0
473,0,0,1000,0
474,0,0,1000,0
475,0,0,185,1
476,0,0,1000,0
477,0,0,308,1
478,0,0,1000,0
479,0,0,1000,0
480,0,0,1000,0
481,0,0,1000,0
482,0,0,1000,0
483,0,0,1000,0
484,0,0,1000,0
485,0,0,1000,0
486,0,0,1000,0
487,0,0,1000,0
488,0,0,1000,0
489,0,0,1000,0
490,0,0,1000,0
491,0,0,1000,0
492,0,0,1000,0
493,0,0,1000,0
494,0,0,1000,0
495,0,0,1000,0
496,0,0,1000,0
497,0,0,1000,0
498,0,0,1000,0
499,0,0,1000,0
500,0,0,1000,0
501,0,0,180,1
502,0,0,6,1
503,0,0,1000,0
504,0,0,1000,0
505,0,0,1000,0
506,0,0,1000,0
507,0,0,1000,0
508,0,0,1000,0
509,0,0,1000,0
510,0,0,1000,0
511,0,0,1000,0
512,0,0,854,1
513,0,0,1000,0
514,0,0,1000,0
515,0,0,1000,0
516,0,0,1000,0
517,0,0,1000,0
518,0,0,1000,0
519,0,0,1000,0
520,0,0,1000,0
521,0,0,1000,0
522,0,0,1000,0
523,0,0,769,1
524,0,0,1000,0
525,0,0,1000,0
526,0,0,1000,0
527,0,0,1000,0
528,0,0,1000,0
529,0,0,742,1
530,0,0,1000,0
531,0,0,1000,0
532,0,0,257,1
533,0,0,1000,0
534,0,0,1000,0
535,0,0,1000,0
536,0,0,1000,0
537,0,0,366,1
538,0,0,1000,0
539,0,0,1000,0
540,0,0,1000,0
541,0,0,1000,0
542,0,0,1000,0
543,0,0,1000,0
544,0,0,1000,0
545,0,0,948,1
546,0,0,1000,0
547,0,0,1000,0
548,0,0,1000,0
549,0,0,1000,0
550,0,0,1000,0
551,0,0,1000,0
552,0,0,1000,0
553,0,0,1000,0
554,0,0,1000,0
555,0,0,1000,0
556,0,0,1000,0
557,0,0,1000,0
558,0,0,1000,0
559,0,0,1000,0
560,0,0,1000,0
561,0,0,1000,0
562,0,0,1000,0
563,0,0,1000,0
564,0,0,1000,0
565,0,0,1000,0
566,0,0,1000,0
567,0,0,1000,0
568,0,0,1000,0
569,0,0,1000,0
570,0,0,1000,0
571,0,0,1000,0
572,0,0,1000,0
573,0,0,1000,0
574,0,0,1000,0
575,0,0,1000,0
576,0,0,1000,0
577,0,0,1000,0
578,0,0,1000,0
579,0,0,1000,0
580,0,0,1000,0
581,0,0,1000,0
582,0,0,704,1
583,0,0,1000,0
584,0,0,1000,0
585,0,0,1000,0
586,0,0,1000,0
587,0,0,1000,0
588,0,0,1000,0
589,0,0,314,1
590,0,0,1000,0
591,0,0,1000,0
592,0,0,1000,0
593,0,0,1000,0
594,0,0,1000,0
595,0,0,1000,0
596,0,0,1000,0
597,0,0,1000,0
598,0,0,1000,0
599,0,0,1000,0
600,0,0,1000,0
601,0,0,407,1
602,0,0,1000,0
603,0,0,1000,0
604,0,0,1000,0
605,0,0,643,1
606,0,0,1000,0
607,0,0,1000,0
608,0,0,1000,0
609,0,0,1000,0
610,0,0,1000,0
611,0,0,1000,0
612,0,0,1000,0
613,0,0,1000,0
614,0,0,1000,0
615,0,0,1000,0
616,0,0,1000,0
617,0,0,1000,0
618,0,0,1000,0
619,0,0,1000,0
620,0,0,1000,0
621,0,0,1000,0
622,0,0,1000,0
623,0,0,639,1
624,0,0,1000,0
625,0,0,1000,0
626,0,0,1000,0
627,0,0,1000,0
628,0,0,1000,0
629,0,0,1000,0
630,0,0,1000,0
631,0,0,1000,0
632,0,0,1000,0
633,0,0,1000,0
634,0,0,1000,0
635,0,0,257,1
636,0,0,1000,0
637,0,0,1000,0
638,0,0,1000,0
639,0,0,1000,0
640,0,0,1000,0
641,0,0,189,1
642,0,0,1000,0
643,0,0,1000,0
644,0,0,629,1
645,0,0,839,1
646,0,0,1000,0
647,0,0,1000,0
648,0,0,1000,0
649,0,0,1000,0
650,0,0,1000,0
651,0,0,1000,0
652,0,0,1000,0
653,0,0,1000,0
654,0,0,402,1
655,0,0,1000,0
656,0,0,439,1
657,0,0,1000,0
658,0,0,1000,0
659,0,0,1000,0
660,0,0,1000,0
661,0,0,752,1
662,0,0,1000,0
663,0,0,1000,0
664,0,0,1000,0
665,0,0,1000,0
666,0,0,1000,0
667,0,0,1000,0
668,0,0,1000,0
669,0,0,1000,0
670,0,0,1000,0
671,0,0,1000,0
672,0,0,1000,0
673,0,0,1000,0
674,0,0,1000,0
675,0,0,740,1
676,0,0,1000,0
677,0,0,1000,0
678,0,0,124,1
679,0,0,1000,0
680,0,0,1000,0
681,0,0,639,1
682,0,0,1000,0
683,0,0,1000,0
684,0,0,1000,0
685,0,0,1000,0
686,0,0,1000,0
687,0,0,1000,0
688,0,0,1000,0
689,0,0,373,1
690,0,0,1000,0
691,0,0,1000,0
692,0,0,493,1
693,0,0,1000,0
694,0,0,1000,0
695,0,0,1000,0
696,0,0,1000,0
697,0,0,896,1
698,0,0,1000,0
699,0,0,1000,0
700,0,0,1000,0
701,0,0,1000,0
702,0,0,1000,0
703,0,0,1000,0
704,0,0,1000,0
705,0,0,1000,0
706,0,0,1000,0
707,0,0,1000,0
708,0,0,1000,0
709,0,0,1000,0
710,0,0,1000,0
711,0,0,1000,0
712,0,0,1000,0
713,0,0,1000,0
714,0,0,314,1
715,0,0,1000,0
716,0,0,1000,0
717,0,0,1000,0
718,0,0,1000,0
719,0,0,1000,0
720,0,0,1000,0
721,0,0,1000,0
722,0,0,1000,0
723,0,0,582,1
724,0,0,1000,0
725,0,0,1000,0
726,0,0,1000,0
727,0,0,1000,0
728,0,0,1000,0
729,0,0,1000,0
730,0,0,589,1
731,0,0,1000,0
732,0,0,1000,0
733,0,0,1000,0
734,0,0,1000,0
735,0,0,1000,0
736,0,0,1000,0
737,0,0,1000,0
738,0,0,1000,0
739,0,0,1000,0
740,0,0,1000,0
741,0,0,1000,0
742,0,0,1000,0
743,0,0,1000,0
744,0,0,1000,0
745,0,0,1000,0
746,0,0,1000,0
747,0,0,1000,0
748,0,0,1000,0
749,0,0,1000,0
750,0,0,1000,0
751,0,0,1000,0
752,0,0,1000,0
753,0,0,1000,0
754,0,0,1000,0
755,0,0,1000,0
756,0,0,1000,0
757,0,0,1000,0
758,0,0,1000,0
759,0,0,936,1
760,0,0,1000,0
761,0,0,110,1
762,0,0,1000,0
763,0,0,1000,0
764,0,0,1000,0
765,0,0,1000,0
766,0,0,1000,0
767,0,0,1000,0
768,0,0,1000,0
769,0,0,1000,0
770,0,0,1000,0
771,0,0,1000,0
772,0,0,1000,0
773,0,0,1000,0
774,0,0,337,1
775,0,0,1000,0
776,0,0,1000,0
777,0,0,1000,0
778,0,0,1000,0
779,0,0,1000,0
780,0,0,1000,0
781,0,0,1000,0
782,0,0,1000,0
783,0,0,187,1
784,0,0,1000,0
785,0,0,1000,0
786,0,0,1000,0
787,0,0,1000,0
788,0,0,1000,0
789,0,0,1000,0
790,0,0,971,1
791,0,0,1000,0
792,0,0,1000,0
793,0,0,1000,0
794,0,0,1000,0
795,0,0,1000,0
796,0,0,1000,0
797,0,0,1000,0
798,0,0,1000,0
799,0,0,110,1
800,0,0,1000,0
801,0,0,1000,0
802,0,0,1000,0
803,0,0,1000,0
804,0,0,1000,0
805,0,0,1000,0
806,0,0,1000,0
807,0,0,1000,0
808,0,0,1000,0
809,0,0,1000,0
810,0,0,1000,0
811,0,0,1000,0
812,0,0,409,1
813,0,0,1000,0
814,0,0,1000,0
815,0,0,1000,0
816,0,0,1000,0
817,0,0,1000,0
818,0,0,1000,0
819,0,0,1000,0
820,0,0,1000,0
821,0,0,1000,0
822,0,0,1000,0
823,0,0,1000,0
824,0,0,1000,0
825,0,0,1000,0
826,0,0,1000,0
827,0,0,1000,0
828,0,0,1000,0
829,0,0,819,1
830,0,0,1000,0
831,0,0,1000,0
832,0,0,1000,0
833,0,0,1000,0
834,0,0,1000,0
835,0,0,1000,0
836,0,0,1000,0
837,0,0,1000,0
838,0,0,1000,0
839,0,0,141,1
840,0,0,777,1
841,0,0,1000,0
842,0,0,1000,0
843,0,0,1000,0
844,0,0,1000,0
845,0,0,1000,0
846,0,0,1000,0
847,0,0,47,1
848,0,0,1000,0
849,0,0,284,1
850,0,0,1000,0
851,0,0,1000,0
852,0,0,1000,0
853,0,0,1000,0
854,0,0,1000,0
855,0,0,1000,0
856,0,0,1000,0
857,0,0,1000,0
858,0,0,1000,0
859,0,0,1000,0
860,0,0,1000,0
861,0,0,1000,0
862,0,0,1000,0
863,0,0,1000,0
864,0,0,1000,0
865,0,0,1000,0
866,0,0,1000,0
867,0,0,1000,0
868,0,0,1000,0
869,0,0,803,1
870,0,0,1000,0
871,0,0,716,1
872,0,0,1000,0
873,0,0,43,1
874,0,0,1000,0
875,0,0,564,1
876,0,0,1000,0
877,0,0,1000,0
878,0,0,128,1
879,0,0,1000,0
880,0,0,1000,0
881,0,0,1000,0
882,0,0,627,1
883,0,0,1000,0
884,0,0,1000,0
885,0,0,1000,0
886,0,0,1000,0
887,0,0,1000,0
888,0,0,1000,0
889,0,0,1000,0
890,0,0,1000,0
891,0,0,1000,0
892,0,0,1000,0
893,0,0,450,1
894,0,0,1000,0
895,0,0,634,1
896,0,0,1000,0
897,0,0,1000,0
898,0,0,1000,0
899,0,0,1000,0
900,0,0,1000,0
901,0,0,1000,0
902,0,0,1000,0
903,0,0,1000,0
904,0,0,1000,0
905,0,0,1000,0
906,0,0,1000,0
907,0,0,1000,0
908,0,0,501,1
909,0,0,1000,0
910,0,0,1000,0
911,0,0,135,1
912,0,0,154,1
913,0,0,1000,0
914,0,0,1000,0
915,0,0,1000,0
916,0,0,301,1
917,0,0,1000,0
918,0,0,1000,0
919,0,0,1000,0
920,0,0,253,1
921,0,0,1000,0
922,0,0,1000,0
923,0,0,1000,0
924,0,0,710,1
925,0,0,1000,0
926,0,0,1000,0
927,0,0,1000,0
928,0,0,670,1
929,0,0,1000,0
930,0,0,1000,0
931,0,0,156,1
932,0,0,1000,0
933,0,0,1000,0
934,0,0,1000,0
935,0,0,1000,0
936,0,0,1000,0
937,0,0,1000,0
938,0,0,1000,0
939,0,0,1000,0
940,0,0,1000,0
941,0,0,1000,0
942,0,0,1000,0
943,0,0,1000,0
944,0,0,534,1
945,0,0,1000,0
946,0,0,1000,0
947,0,0,1000,0
948,0,0,1000,0
949,0,0,1000,0
950,0,0,1000,0
951,0,0,1000,0
952,0,0,1000,0
953,0,0,1000,0
954,0,0,1000,0
955,0,0,1000,0
956,0,0,1000,0
957,0,0,824,1
958,0,0,1000,0
959,0,0,1000,0
960,0,0,1000,0
961,0,0,1000,0
962,0,0,1000,0
963,0,0,1000,0
964,0,0,1000,0
965,0,0,1000,0
966,0,0,1000,0
967,0,0,1000,0
968,0,0,1000,0
969,0,0,1000,0
970,0,0,1000,0
971,0,0,1000,0
972,0,0,1000,0
973,0,0,1000,0
974,0,0,1000,0
975,0,0,1000,0
976,0,0,1000,0
977,0,0,1000,0
978,0,0,1000,0
979,0,0,1000,0
980,0,0,246,1
981,0,0,1000,0
982,0,0,1000,0
983,0,0,1000,0
984,0,0,1000,0
985,0,0,1000,0
986,0,0,1000,0
987,0,0,1000,0
988,0,0,1000,0
989,0,0,992,1
990,0,0,1000,0
991,0,0,1000,0
992,0,0,1000,0
993,0,0,1000,0
994,0,0,1000,0
995,0,0,1000,0
996,0,0,1000,0
997,0,0,1000,0
998,0,0,1000,0
999,0,0,1000,0
1000,0,0,1000,0
1001,0,0,648,0
1001,1,649,655,1
1002,0,0,17,0
1002,1,18,1000,0
1003,0,0,875,0
1003,1,876,1000,0
1004,0,0,731,0
1004,1,732,1000,0
1005,0,0,353,0
1005,1,354,1000,0
1006,0,0,167,0
1006,1,168,1000,0
1007,0,0,192,0
1007,1,193,1000,0
1008,0,0,829,0
1008,1,830,1000,0
1009,0,0,33,0
1009,1,34,1000,0
1010,0,0,775,0
1010,1,776,1000,0
1011,0,0,850,0
1011,1,851,1000,0
1012,0,0,438,0
1012,1,439,911,1
1013,0,0,38,0
1013,1,39,1000,0
1014,0,0,495,0
1014,1,496,1000,0
1015,0,0,751,0
1015,1,752,1000,0
1016,0,0,48,0
1016,1,49,1000,0
1017,0,0,511,0
1017,1,512,1000,0
1018,0,0,893,0
1018,1,894,1000,0
1019,0,0,267,0
1019,1,268,748,1
1020,0,0,113,0
1020,1,114,1000,0
1021,0,0,634,0
1021,1,635,702,1
1022,0,0,181,0
1022,1,182,1000,0
1023,0,0,549,0
1023,1,550,1000,0
1024,0,0,479,0
1024,1,480,1000,0
1025,0,0,463,0
1025,1,464,1000,0
1026,0,0,487,0
1026,1,488,1000,0
1027,0,0,419,0
1027,1,420,1000,0
1028,0,0,833,0
1028,1,834,1000,0
1029,0,0,258,0
1029,1,259,1000,0
1030,0,0,463,0
1030,1,464,1000,0
1031,0,0,403,0
1031,1,404,1000,0
1032,0,0,873,0
1032,1,874,1000,0
1033,0,0,44,0
1033,1,45,446,1
1034,0,0,50,0
1034,1,51,1000,0
1035,0,0,8,0
1035,1,9,1000,0
1036,0,0,730,0
1036,1,731,1000,0
1037,0,0,254,0
1037,1,255,1000,0
1038,0,0,42,0
1038,1,43,1000,0
1039,0,0,153,0
1039,1,154,1000,0
1040,0,0,99,0
1040,1,100,1000,0
1041,0,0,761,0
1041,1,762,1000,0
1042,0,0,623,0
1042,1,624,1000,0
1043,0,0,117,0
1043,1,118,1000,0
1044,0,0,59,0
1044,1,60,1000,0
1045,0,0,229,0
1045,1,230,1000,0
1046,0,0,495,0
1046,1,496,846,1
1047,0,0,335,0
1047,1,336,1000,0
1048,0,0,470,0
1048,1,471,1000,0
1049,0,0,844,0
1049,1,845,1000,0
1050,0,0,365,0
1050,1,366,1000,0
1051,0,0,406,0
1051,1,407,1000,0
1052,0,0,393,0
1052,1,394,1000,0
1053,0,0,165,0
1053,1,166,1000,0
1054,0,0,158,0
1054,1,159,1000,0
1055,0,0,752,0
1055,1,753,1000,0
1056,0,0,211,0
1056,1,212,1000,0
1057,0,0,236,0
1057,1,237,1000,0
1058,0,0,626,0
1058,1,627,1000,0
1059,0,0,89,0
1059,1,90,1000,0
1060,0,0,644,0
1060,1,645,1000,0
1061,0,0,111,0
1061,1,112,1000,0
1062,0,0,297,0
1062,1,298,1000,0
1063,0,0,548,0
1063,1,549,1000,0
1064,0,0,104,0
1064,1,105,1000,0
1065,0,0,361,0
1065,1,362,1000,0
1066,0,0,776,0
1066,1,777,1000,0
1067,0,0,863,0
1067,1,864,1000,0
1068,0,0,725,0
1068,1,726,1000,0
1069,0,0,679,0
1069,1,680,1000,0
1070,0,0,237,0
1070,1,238,975,1
1071,0,0,18,0
1071,1,19,1000,0
1072,0,0,100,0
1072,1,101,1000,0
1073,0,0,196,0
1073,1,197,404,1
1074,0,0,199,0
1074,1,200,1000,0
1075,0,0,760,0
1075,1,761,1000,0
1076,0,0,131,0
1076,1,132,1000,0
1077,0,0,899,0
1077,1,900,1000,0
1078,0,0,616,0
1078,1,617,1000,0
1079,0,0,334,0
1079,1,335,929,1
1080,0,0,417,0
1080,1,418,1000,0
1081,0,0,90,0
1081,1,91,1000,0
1082,0,0,680,0
1082,1,681,1000,0
1083,0,0,834,0
1083,1,835,1000,0
1084,0,0,353,0
1084,1,354,708,1
1085,0,0,528,0
1085,1,529,1000,0
1086,0,0,288,0
1086,1,289,1000,0
1087,0,0,811,0
1087,1,812,1000,0
1088,0,0,489,0
1088,1,490,1000,0
1089,0,0,523,0
1089,1,524,1000,0
1090,0,0,779,0
1090,1,780,1000,0
1091,0,0,657,0
1091,1,658,772,1
1092,0,0,880,0
1092,1,881,1000,0
1093,0,0,728,0
1093,1,729,1000,0
1094,0,0,833,0
1094,1,834,1000,0
1095,0,0,492,0
1095,1,493,1000,0
1096,0,0,532,0
1096,1,533,1000,0
1097,0,0,731,0
1097,1,732,1000,0
1098,0,0,32,0
1098,1,33,1000,0
1099,0,0,577,0
1099,1,578,1000,0
1100,0,0,78,0
1100,1,79,1000,0
1101,0,0,289,0
1101,1,290,1000,0
1102,0,0,608,0
1102,1,609,1000,0
1103,0,0,76,0
1103,1,77,1000,0
1104,0,0,188,0
1104,1,189,1000,0
1105,0,0,537,0
1105,1,538,1000,0
1106,0,0,630,0
1106,1,631,1000,0
1107,0,0,20,0
1107,1,21,1000,0
1108,0,0,254,0
1108,1,255,1000,0
1109,0,0,184,0
1109,1,185,1000,0
1110,0,0,738,0
1110,1,739,1000,0
1111,0,0,226,0
1111,1,227,1000,0
1112,0,0,468,0
1112,1,469,1000,0
1113,0,0,467,0
1113,1,468,1000,0
1114,0,0,797,0
1114,1,798,1000,0
1115,0,0,62,0
1115,1,63,1000,0
1116,0,0,11,0
1116,1,12,1000,0
1117,0,0,743,0
1117,1,744,1000,0
1118,0,0,523,0
1118,1,524,1000,0
1119,0,0,588,0
1119,1,589,1000,0
1120,0,0,282,0
1120,1,283,1000,0
1121,0,0,570,0
1121,1,571,1000,0
1122,0,0,59,0
1122,1,60,1000,0
1123,0,0,482,0
1123,1,483,1000,0
1124,0,0,466,0
1124,1,467,1000,0
1125,0,0,304,0
1125,1,305,1000,0
1126,0,0,854,0
1126,1,855,1000,0
1127,0,0,332,0
1127,1,333,1000,0
1128,0,0,627,0
1128,1,628,1000,0
1129,0,0,541,0
1129,1,542,1000,0
1130,0,0,655,0
1130,1,656,1000,0
1131,0,0,175,0
1131,1,176,1000,0
1132,0,0,84,0
1132,1,85,1000,0
1133,0,0,882,0
1133,1,883,1000,0
1134,0,0,468,0
1134,1,469,1000,0
1135,0,0,522,0
1135,1,523,1000,0
1136,0,0,308,0
1136,1,309,1000,0
1137,0,0,295,0
1137,1,296,1000,0
1138,0,0,89,0
1138,1,90,1000,0
1139,0,0,140,0
1139,1,141,922,1
1140,0,0,106,0
1140,1,107,1000,0
1141,0,0,312,0
1141,1,313,650,1
1142,0,0,160,0
1142,1,161,1000,0
1143,0,0,288,0
1143,1,289,1000,0
1144,0,0,402,0
1144,1,403,1000,0
1145,0,0,733,0
1145,1,734,1000,0
1146,0,0,45,0
1146,1,46,1000,0
1147,0,0,883,0
1147,1,884,1000,0
1148,0,0,516,0
1148,1,517,1000,0
1149,0,0,120,0
1149,1,121,1000,0
1150,0,0,33,0
1150,1,34,1000,0
1151,0,0,320,0
1151,1,321,1000,0
1152,0,0,300,0
1152,1,301,1000,0
1153,0,0,535,0
1153,1,536,862,1
1154,0,0,153,0
1154,1,154,1000,0
1155,0,0,138,0
1155,1,139,1000,0
1156,0,0,833,0
1156,1,834,1000,0
1157,0,0,877,0
1157,1,878,1000,0
1158,0,0,789,0
1158,1,790,1000,0
1159,0,0,859,0
1159,1,860,1000,0
1160,0,0,709,0
1160,1,710,1000,0
1161,0,0,369,0
1161,1,370,1000,0
1162,0,0,96,0
1162,1,97,645,1
1163,0,0,405,0
1163,1,406,1000,0
1164,0,0,821,0
1164,1,822,1000,0
1165,0,0,451,0
1165,1,452,878,1
1166,0,0,144,0
1166,1,145,1000,0
1167,0,0,806,0
1167,1,807,1000,0
1168,0,0,438,0
1168,1,439,1000,0
1169,0,0,285,0
1169,1,286,1000,0
1170,0,0,498,0
1170,1,499,806,1
1171,0,0,541,0
1171,1,542,1000,0
1172,0,0,400,0
1172,1,401,1000,0
1173,0,0,561,0
1173,1,562,1000,0
1174,0,0,447,0
1174,1,448,1000,0
1175,0,0,244,0
1175,1,245,1000,0
1176,0,0,131,0
1176,1,132,1000,0
1177,0,0,609,0
1177,1,610,1000,0
1178,0,0,380,0
1178,1,381,910,1
1179,0,0,160,0
1179,1,161,1000,0
1180,0,0,623,0
1180,1,624,1000,0
1181,0,0,645,0
1181,1,646,1000,0
1182,0,0,564,0
1182,1,565,1000,0
1183,0,0,176,0
1183,1,177,1000,0
1184,0,0,386,0
1184,1,387,1000,0
1185,0,0,471,0
1185,1,472,1000,0
1186,0,0,239,0
1186,1,240,1000,0
1187,0,0,147,0
1187,1,148,1000,0
1188,0,0,222,0
1188,1,223,276,1
1189,0,0,760,0
1189,1,761,1000,0
1190,0,0,761,0
1190,1,762,826,1
1191,0,0,456,0
1191,1,457,1000,0
1192,0,0,251,0
1192,1,252,1000,0
1193,0,0,755,0
1193,1,756,1000,0
1194,0,0,796,0
1194,1,797,1000,0
1195,0,0,107,0
1195,1,108,1000,0
1196,0,0,159,0
1196,1,160,1000,0
1197,0,0,642,0
1197,1,643,1000,0
1198,0,0,101,0
1198,1,102,1000,0
1199,0,0,484,0
1199,1,485,1000,0
1200,0,0,668,0
1200,1,669,1000,0
1201,0,0,570,0
1201,1,571,1000,0
1202,0,0,870,0
1202,1,871,1000,0
1203,0,0,64,0
1203,1,65,1000,0
1204,0,0,17,0
1204,1,18,1000,0
1205,0,0,890,0
1205,1,891,1000,0
1206,0,0,127,0
1206,1,128,631,1
1207,0,0,310,0
1207,1,311,1000,0
1208,0,0,332,0
1208,1,333,972,1
1209,0,0,383,0
1209,1,384,966,1
1210,0,0,581,0
1210,1,582,1000,0
1211,0,0,894,0
1211,1,895,1000,0
1212,0,0,132,0
1212,1,133,1000,0
1213,0,0,821,0
1213,1,822,1000,0
1214,0,0,372,0
1214,1,373,1000,0
1215,0,0,608,0
1215,1,609,1000,0
1216,0,0,802,0
1216,1,803,1000,0
1217,0,0,458,0
1217,1,459,1000,0
1218,0,0,853,0
1218,1,854,1000,0
1219,0,0,618,0
1219,1,619,1000,0
1220,0,0,379,0
1220,1,380,1000,0
1221,0,0,385,0
1221,1,386,1000,0
1222,0,0,46,0
1222,1,47,1000,0
1223,0,0,315,0
1223,1,316,1000,0
1224,0,0,239,0
1224,1,240,1000,0
1225,0,0,531,0
1225,1,532,1000,0
1226,0,0,204,0
1226,1,205,1000,0
1227,0,0,658,0
1227,1,659,1000,0
1228,0,0,600,0
1228,1,601,1000,0
1229,0,0,436,0
1229,1,437,1000,0
1230,0,0,23,0
1230,1,24,1000,0
1231,0,0,568,0
1231,1,569,1000,0
1232,0,0,533,0
1232,1,534,1000,0
1233,0,0,547,0
1233,1,548,1000,0
1234,0,0,603,0
1234,1,604,1000,0
1235,0,0,866,0
1235,1,867,1000,0
1236,0,0,669,0
1236,1,670,1000,0
1237,0,0,751,0
1237,1,752,1000,0
1238,0,0,568,0
1238,1,569,1000,0
1239,0,0,371,0
1239,1,372,1000,0
1240,0,0,764,0
1240,1,765,1000,0
1241,0,0,737,0
1241,1,738,1000,0
1242,0,0,868,0
1242,1,869,1000,0
1243,0,0,623,0
1243,1,624,1000,0
1244,0,0,428,0
1244,1,429,1000,0
1245,0,0,33,0
1245,1,34,884,1
1246,0,0,703,0
1246,1,704,1000,0
1247,0,0,153,0
1247,1,154,1000,0
1248,0,0,242,0
1248,1,243,1000,0
1249,0,0,423,0
1249,1,424,1000,0
1250,0,0,86,0
1250,1,87,995,1
1251,0,0,596,0
1251,1,597,1000,0
1252,0,0,572,0
1252,1,573,1000,0
1253,0,0,447,0
1253,1,448,1000,0
1254,0,0,688,0
1254,1,689,1000,0
1255,0,0,369,0
1255,1,370,1000,0
1256,0,0,830,0
1256,1,831,1000,0
1257,0,0,3,0
1257,1,4,1000,0
1258,0,0,22,0
1258,1,23,518,1
1259,0,0,675,0
1259,1,676,1000,0
1260,0,0,588,0
1260,1,589,1000,0
1261,0,0,740,0
1261,1,741,1000,0
1262,0,0,296,0
1262,1,297,1000,0
1263,0,0,23,0
1263,1,24,1000,0
1264,0,0,104,0
1264,1,105,1000,0
1265,0,0,809,0
1265,1,810,1000,0
1266,0,0,370,0
1266,1,371,1000,0
1267,0,0,689,0
1267,1,690,1000,0
1268,0,0,689,0
1268,1,690,1000,0
1269,0,0,563,0
1269,1,564,1000,0
1270,0,0,19,0
1270,1,20,1000,0
1271,0,0,371,0
1271,1,372,1000,0
1272,0,0,485,0
1272,1,486,1000,0
1273,0,0,192,0
1273,1,193,333,1
1274,0,0,615,0
1274,1,616,1000,0
1275,0,0,552,0
1275,1,553,1000,0
1276,0,0,388,0
1276,1,389,1000,0
1277,0,0,441,0
1277,1,442,1000,0
1278,0,0,877,0
1278,1,878,1000,0
1279,0,0,899,0
1279,1,900,1000,0
1280,0,0,761,0
1280,1,762,1000,0
1281,0,0,738,0
1281,1,739,830,1
1282,0,0,494,0
1282,1,495,1000,0
1283,0,0,321,0
1283,1,322,1000,0
1284,0,0,146,0
1284,1,147,1000,0
1285,0,0,89,0
1285,1,90,435,1
1286,0,0,73,0
1286,1,74,1000,0
1287,0,0,226,0
1287,1,227,1000,0
1288,0,0,731,0
1288,1,732,1000,0
1289,0,0,844,0
1289,1,845,1000,0
1290,0,0,845,0
1290,1,846,1000,0
1291,0,0,561,0
1291,1,562,1000,0
1292,0,0,163,0
1292,1,164,1000,0
1293,0,0,664,0
1293,1,665,1000,0
1294,0,0,195,0
1294,1,196,1000,0
1295,0,0,670,0
1295,1,671,904,1
1296,0,0,57,0
1296,1,58,1000,0
1297,0,0,380,0
1297,1,381,1000,0
1298,0,0,813,0
1298,1,814,1000,0
1299,0,0,353,0
1299,1,354,1000,0
1300,0,0,413,0
1300,1,414,1000,0
1301,0,0,339,0
1301,1,340,1000,0
1302,0,0,548,0
1302,1,549,1000,0
1303,0,0,365,0
1303,1,366,1000,0
1304,0,0,386,0
1304,1,387,1000,0
1305,0,0,324,0
1305,1,325,1000,0
1306,0,0,310,0
1306,1,311,1000,0
1307,0,0,96,0
1307,1,97,1000,0
1308,0,0,308,0
1308,1,309,1000,0
1309,0,0,627,0
1309,1,628,1000,0
1310,0,0,358,0
1310,1,359,1000,0
1311,0,0,376,0
1311,1,377,1000,0
1312,0,0,647,0
1312,1,648,1000,0
1313,0,0,34,0
1313,1,35,1000,0
1314,0,0,36,0
1314,1,37,1000,0
1315,0,0,630,0
1315,1,631,804,1
1316,0,0,894,0
1316,1,895,1000,0
1317,0,0,574,0
1317,1,575,1000,0
1318,0,0,582,0
1318,1,583,1000,0
1319,0,0,285,0
1319,1,286,1000,0
1320,0,0,729,0
1320,1,730,1000,0
1321,0,0,307,0
1321,1,308,1000,0
1322,0,0,160,0
1322,1,161,1000,0
1323,0,0,700,0
1323,1,701,1000,0
1324,0,0,278,0
1324,1,279,1000,0
1325,0,0,530,0
1325,1,531,1000,0
1326,0,0,28,0
1326,1,29,216,1
1327,0,0,375,0
1327,1,376,1000,0
1328,0,0,703,0
1328,1,704,1000,0
1329,0,0,855,0
1329,1,856,1000,0
1330,0,0,597,0
1330,1,598,1000,0
1331,0,0,895,0
1331,1,896,1000,0
1332,0,0,540,0
1332,1,541,1000,0
1333,0,0,855,0
1333,1,856,1000,0
1334,0,0,101,0
1334,1,102,1000,0
1335,0,0,169,0
1335,1,170,1000,0
1336,0,0,294,0
1336,1,295,1000,0
1337,0,0,748,0
1337,1,749,1000,0
1338,0,0,888,0
1338,1,889,990,1
1339,0,0,172,0
1339,1,173,1000,0
1340,0,0,27,0
1340,1,28,1000,0
1341,0,0,498,0
1341,1,499,1000,0
1342,0,0,829,0
1342,1,830,1000,0
1343,0,0,179,0
1343,1,180,1000,0
1344,0,0,654,0
1344,1,655,1000,0
1345,0,0,648,0
1345,1,649,1000,0
1346,0,0,357,0
1346,1,358,1000,0
1347,0,0,596,0
1347,1,597,1000,0
1348,0,0,330,0
1348,1,331,1000,0
1349,0,0,896,0
1349,1,897,1000,0
1350,0,0,305,0
1350,1,306,1000,0
1351,0,0,633,0
1351,1,634,1000,0
1352,0,0,723,0
1352,1,724,1000,0
1353,0,0,319,0
1353,1,320,1000,0
1354,0,0,427,0
1354,1,428,1000,0
1355,0,0,202,0
1355,1,203,1000,0
1356,0,0,524,0
1356,1,525,1000,0
1357,0,0,150,0
1357,1,151,1000,0
1358,0,0,203,0
1358,1,204,1000,0
1359,0,0,85,0
1359,1,86,1000,0
1360,0,0,683,0
1360,1,684,1000,0
1361,0,0,840,0
1361,1,841,1000,0
1362,0,0,490,0
1362,1,491,729,1
1363,0,0,571,0
1363,1,572,1000,0
1364,0,0,705,0
1364,1,706,1000,0
1365,0,0,231,0
1365,1,232,1000,0
1366,0,0,186,0
1366,1,187,1000,0
1367,0,0,90,0
1367,1,91,1000,0
1368,0,0,187,0
1368,1,188,965,1
1369,0,0,374,0
1369,1,375,1000,0
1370,0,0,359,0
1370,1,360,1000,0
1371,0,0,838,0
1371,1,839,1000,0
1372,0,0,294,0
1372,1,295,1000,0
1373,0,0,269,0
1373,1,270,1000,0
1374,0,0,396,0
1374,1,397,1000,0
1375,0,0,238,0
1375,1,239,1000,0
1376,0,0,571,0
1376,1,572,1000,0
1377,0,0,358,0
1377,1,359,1000,0
1378,0,0,209,0
1378,1,210,936,1
1379,0,0,171,0
1379,1,172,1000,0
1380,0,0,631,0
1380,1,632,1000,0
1381,0,0,869,0
1381,1,870,1000,0
1382,0,0,797,0
1382,1,798,1000,0
1383,0,0,414,0
1383,1,415,996,1
1384,0,0,553,0
1384,1,554,1000,0
1385,0,0,239,0
1385,1,240,1000,0
1386,0,0,595,0
1386,1,596,1000,0
1387,0,0,780,0
1387,1,781,1000,0
1388,0,0,148,0
1388,1,149,1000,0
1389,0,0,812,0
1389,1,813,1000,0
1390,0,0,859,0
1390,1,860,1000,0
1391,0,0,145,0
1391,1,146,1000,0
1392,0,0,197,0
1392,1,198,1000,0
1393,0,0,810,0
1393,1,811,1000,0
1394,0,0,878,0
1394,1,879,1000,0
1395,0,0,522,0
1395,1,523,1000,0
1396,0,0,413,0
1396,1,414,1000,0
1397,0,0,851,0
1397,1,852,1000,0
1398,0,0,732,0
1398,1,733,1000,0
1399,0,0,406,0
1399,1,407,858,1
1400,0,0,553,0
1400,1,554,1000,0
1401,0,0,779,0
1401,1,780,1000,0
1402,0,0,118,0
1402,1,119,748,1
1403,0,0,426,0
1403,1,427,1000,0
1404,0,0,642,0
1404,1,643,1000,0
1405,0,0,377,0
1405,1,378,1000,0
1406,0,0,434,0
1406,1,435,1000,0
1407,0,0,168,0
1407,1,169,1000,0
1408,0,0,258,0
1408,1,259,1000,0
1409,0,0,564,0
1409,1,565,1000,0
1410,0,0,166,0
1410,1,167,1000,0
1411,0,0,829,0
1411,1,830,1000,0
1412,0,0,519,0
1412,1,520,1000,0
1413,0,0,96,0
1413,1,97,1000,0
1414,0,0,527,0
1414,1,528,863,1
1415,0,0,614,0
1415,1,615,1000,0
1416,0,0,721,0
1416,1,722,1000,0
1417,0,0,678,0
1417,1,679,1000,0
1418,0,0,685,0
1418,1,686,1000,0
1419,0,0,635,0
1419,1,636,1000,0
1420,0,0,173,0
1420,1,174,1000,0
1421,0,0,390,0
1421,1,391,1000,0
1422,0,0,486,0
1422,1,487,1000,0
1423,0,0,180,0
1423,1,181,1000,0
1424,0,0,25,0
1424,1,26,1000,0
1425,0,0,209,0
1425,1,210,1000,0
1426,0,0,673,0
1426,1,674,677,1
1427,0,0,255,0
1427,1,256,1000,0
1428,0,0,569,0
1428,1,570,1000,0
1429,0,0,336,0
1429,1,337,1000,0
1430,0,0,818,0
1430,1,819,1000,0
1431,0,0,67,0
1431,1,68,1000,0
1432,0,0,588,0
1432,1,589,1000,0
1433,0,0,383,0
1433,1,384,1000,0
1434,0,0,714,0
1434,1,715,1000,0
1435,0,0,700,0
1435,1,701,1000,0
1436,0,0,96,0
1436,1,97,1000,0
1437,0,0,834,0
1437,1,835,1000,0
1438,0,0,23,0
1438,1,24,1000,0
1439,0,0,230,0
1439,1,231,1000,0
1440,0,0,759,0
1440,1,760,1000,0
1441,0,0,577,0
1441,1,578,1000,0
1442,0,0,17,0
1442,1,18,1000,0
1443,0,0,636,0
1443,1,637,1000,0
1444,0,0,482,0
1444,1,483,1000,0
1445,0,0,769,0
1445,1,770,1000,0
1446,0,0,455,0
1446,1,456,1000,0
1447,0,0,795,0
1447,1,796,989,1
1448,0,0,236,0
1448,1,237,1000,0
1449,0,0,640,0
1449,1,641,1000,0
1450,0,0,50,0
1450,1,51,1000,0
1451,0,0,384,0
1451,1,385,1000,0
1452,0,0,303,0
1452,1,304,1000,0
1453,0,0,597,0
1453,1,598,1000,0
1454,0,0,100,0
1454,1,101,1000,0
1455,0,0,78,0
1455,1,79,1000,0
1456,0,0,463,0
1456,1,464,1000,0
1457,0,0,220,0
1457,1,221,1000,0
1458,0,0,718,0
1458,1,719,1000,0
1459,0,0,317,0
1459,1,318,1000,0
1460,0,0,110,0
1460,1,111,1000,0
1461,0,0,619,0
1461,1,620,1000,0
1462,0,0,886,0
1462,1,887,1000,0
1463,0,0,540,0
1463,1,541,1000,0
1464,0,0,370,0
1464,1,371,1000,0
1465,0,0,653,0
1465,1,654,1000,0
1466,0,0,95,0
1466,1,96,922,1
1467,0,0,290,0
1467,1,291,1000,0
1468,0,0,162,0
1468,1,163,212,1
1469,0,0,8,0
1469,1,9,751,1
1470,0,0,473,0
1470,1,474,501,1
1471,0,0,364,0
1471,1,365,1000,0
1472,0,0,718,0
1472,1,719,1000,0
1473,0,0,744,0
1473,1,745,1000,0
1474,0,0,60,0
1474,1,61,1000,0
1475,0,0,877,0
1475,1,878,1000,0
1476,0,0,588,0
1476,1,589,1000,0
1477,0,0,302,0
1477,1,303,1000,0
1478,0,0,786,0
1478,1,787,1000,0
1479,0,0,757,0
1479,1,758,1000,0
1480,0,0,242,0
1480,1,243,1000,0
1481,0,0,371,0
1481,1,372,1000,0
1482,0,0,415,0
1482,1,416,1000,0
1483,0,0,237,0
1483,1,238,1000,0
1484,0,0,494,0
1484,1,495,1000,0
1485,0,0,205,0
1485,1,206,600,1
1486,0,0,801,0
1486,1,802,1000,0
1487,0,0,877,0
1487,1,878,1000,0
1488,0,0,458,0
1488,1,459,1000,0
1489,0,0,122,0
1489,1,123,1000,0
1490,0,0,569,0
1490,1,570,925,1
1491,0,0,824,0
1491,1,825,1000,0
1492,0,0,143,0
1492,1,144,1000,0
1493,0,0,210,0
1493,1,211,1000,0
1494,0,0,226,0
1494,1,227,1000,0
1495,0,0,671,0
1495,1,672,1000,0
1496,0,0,13,0
1496,1,14,1000,0
1497,0,0,799,0
1497,1,800,1000,0
1498,0,0,860,0
1498,1,861,1000,0
1499,0,0,354,0
1499,1,355,1000,0
1500,0,0,442,0
1500,1,443,1000,0
